first_name,last_name,username,email,telephone
Beitris,Lapthorne,blapthorne0,blapthorne0@bandcamp.com,(815) 1999666
Kendrick,Gerhold,kgerhold1,kgerhold1@nasa.gov,(610) 8221844
Delila,Denisyev,ddenisyev2,ddenisyev2@amazon.co.jp,(520) 1129563
Godiva,Bonham,gbonham3,gbonham3@g.co,(249) 1105136
Blondell,Bowller,bbowller4,bbowller4@google.ca,(127) 5661141
Brannon,Dullingham,bdullingham5,bdullingham5@jalbum.net,(959) 2136272
Cacilia,Kilfeder,ckilfeder6,ckilfeder6@epa.gov,(104) 6963099
Lillian,Lacrouts,llacrouts7,llacrouts7@baidu.com,(238) 7142968
Rolland,Lodwig,rlodwig8,rlodwig8@cnbc.com,(949) 3062664
Fonzie,Langforth,flangforth9,flangforth9@tripod.com,(468) 1067951
Fritz,Atterbury,fatterburya,fatterburya@creativecommons.org,(488) 6357500
Andriana,Biles,abilesb,abilesb@paginegialle.it,(806) 7018061
Cheri,Strainge,cstraingec,cstraingec@cornell.edu,(400) 2682078
Ursula,Gowen,ugowend,ugowend@jalbum.net,(659) 1738616
Jackson,Killiam,jkilliame,jkilliame@jimdo.com,(374) 3088694
Kimberli,Figge,kfiggef,kfiggef@google.co.uk,(672) 1108853
Blaine,Meaders,bmeadersg,bmeadersg@ustream.tv,(236) 8839060
Romonda,Mobley,rmobleyh,rmobleyh@themeforest.net,(341) 3770639
Bar,Blundon,bblundoni,bblundoni@slate.com,(675) 7086160
Kailey,Talks,ktalksj,ktalksj@ucoz.com,(991) 5300314
Helaine,Pechold,hpecholdk,hpecholdk@is.gd,(802) 6661334
Anatol,Blumer,ablumerl,ablumerl@disqus.com,(420) 1678292
Jeremias,Hatliff,jhatliffm,jhatliffm@springer.com,(355) 5366596
Kippie,Whitelock,kwhitelockn,kwhitelockn@un.org,(941) 7162931
Bekki,Melsom,bmelsomo,bmelsomo@tuttocitta.it,(644) 5907632
Karlens,Camacke,kcamackep,kcamackep@squarespace.com,(857) 2755419
Kamila,Rash,krashq,krashq@redcross.org,(200) 3712779
Meg,Rodear,mrodearr,mrodearr@a8.net,(375) 4996148
Edithe,Smithe,esmithes,esmithes@wordpress.com,(215) 9842762
Gordon,Hubach,ghubacht,ghubacht@stanford.edu,(744) 5023066
Shalna,Geipel,sgeipelu,sgeipelu@wikispaces.com,(873) 6234164
Tabby,Enrdigo,tenrdigov,tenrdigov@unesco.org,(598) 5508207
Robenia,Bowdon,rbowdonw,rbowdonw@netscape.com,(697) 8802015
Lazare,Cassidy,lcassidyx,lcassidyx@cargocollective.com,(542) 2658877
Jeana,Vigar,jvigary,jvigary@chron.com,(227) 8245814
Yancy,Brasier,ybrasierz,ybrasierz@java.com,(586) 4477684
Warren,Broxap,wbroxap10,wbroxap10@discovery.com,(979) 2269782
Alysia,Fallow,afallow11,afallow11@deviantart.com,(852) 8193930
Cesaro,Kettridge,ckettridge12,ckettridge12@about.me,(178) 6383262
Morgen,Gingles,mgingles13,mgingles13@hc360.com,(482) 2900489
Keene,Witherington,kwitherington14,kwitherington14@cargocollective.com,(119) 2896994
Moyna,Mogford,mmogford15,mmogford15@networkadvertising.org,(823) 3837340
Krystalle,Jaggli,kjaggli16,kjaggli16@4shared.com,(503) 2701322
Lurette,Camock,lcamock17,lcamock17@noaa.gov,(720) 2993179
Phyllys,Bever,pbever18,pbever18@networkadvertising.org,(488) 5880765
Dalli,Ferraresi,dferraresi19,dferraresi19@dion.ne.jp,(647) 6341940
Isaiah,Wornum,iwornum1a,iwornum1a@bbb.org,(632) 8994628
Aveline,Kleinpeltz,akleinpeltz1b,akleinpeltz1b@narod.ru,(918) 2912806
Catarina,Llorente,cllorente1c,cllorente1c@blogs.com,(634) 8625772
Erich,Mughal,emughal1d,emughal1d@plala.or.jp,(347) 3158823
Sam,Plowright,splowright1e,splowright1e@biglobe.ne.jp,(428) 4991188
Simeon,Blaze,sblaze1f,sblaze1f@theglobeandmail.com,(974) 1384404
Kary,Sterman,ksterman1g,ksterman1g@cocolog-nifty.com,(570) 9962919
Janaya,Egerton,jegerton1h,jegerton1h@vistaprint.com,(215) 5839379
Wilek,Rollins,wrollins1i,wrollins1i@gov.uk,(634) 9242351
Breanne,Forcer,bforcer1j,bforcer1j@lulu.com,(145) 9952595
Ruthe,Dowden,rdowden1k,rdowden1k@mediafire.com,(594) 9626807
Miguelita,Carse,mcarse1l,mcarse1l@geocities.com,(321) 9171174
Zackariah,Andreix,zandreix1m,zandreix1m@cornell.edu,(493) 5744194
Cherrita,Cahan,ccahan1n,ccahan1n@w3.org,(771) 2039431
Shaw,Josefsohn,sjosefsohn1o,sjosefsohn1o@unc.edu,(812) 9237496
Regan,Dagger,rdagger1p,rdagger1p@bluehost.com,(652) 3439811
Selena,Stonelake,sstonelake1q,sstonelake1q@phpbb.com,(379) 1366978
Wittie,Stuttard,wstuttard1r,wstuttard1r@nymag.com,(106) 8527504
Jennine,Hirtz,jhirtz1s,jhirtz1s@apache.org,(401) 9474274
Naomi,Borrie,nborrie1t,nborrie1t@edublogs.org,(531) 8630054
Rickard,Cragg,rcragg1u,rcragg1u@google.fr,(809) 5975312
Binny,Barrett,bbarrett1v,bbarrett1v@shinystat.com,(216) 5373170
Rosette,Hruska,rhruska1w,rhruska1w@narod.ru,(183) 8387451
Tamera,Bohling,tbohling1x,tbohling1x@dion.ne.jp,(392) 5349074
Shawn,McBryde,smcbryde1y,smcbryde1y@ox.ac.uk,(162) 3797387
Jobey,Kittel,jkittel1z,jkittel1z@biblegateway.com,(490) 7720804
Viv,Winders,vwinders20,vwinders20@cbsnews.com,(755) 3352037
Tomaso,Stansbury,tstansbury21,tstansbury21@alibaba.com,(415) 4554789
Beverley,Cowp,bcowp22,bcowp22@nsw.gov.au,(383) 6032518
Dorelle,Abell,dabell23,dabell23@europa.eu,(192) 1164935
Lisabeth,Peplaw,lpeplaw24,lpeplaw24@msu.edu,(559) 9611488
Zahara,Woodus,zwoodus25,zwoodus25@bizjournals.com,(586) 1547389
Analiese,Bowie,abowie26,abowie26@dropbox.com,(926) 1259798
Richmound,Colleford,rcolleford27,rcolleford27@dailymail.co.uk,(716) 7019252
Walliw,Doudney,wdoudney28,wdoudney28@narod.ru,(680) 7024641
Michale,Bresson,mbresson29,mbresson29@i2i.jp,(208) 8554674
Pietra,Lillicrop,plillicrop2a,plillicrop2a@rediff.com,(567) 4503435
Constancy,Louch,clouch2b,clouch2b@prlog.org,(903) 9956558
Joete,McFfaden,jmcffaden2c,jmcffaden2c@youtube.com,(103) 4686289
Julius,Heak,jheak2d,jheak2d@stumbleupon.com,(933) 8322110
Malva,Keener,mkeener2e,mkeener2e@wisc.edu,(232) 6684231
Pamella,Moles,pmoles2f,pmoles2f@xrea.com,(379) 9866351
Oriana,Duff,oduff2g,oduff2g@sphinn.com,(201) 9388189
Scottie,Vakhrushev,svakhrushev2h,svakhrushev2h@geocities.com,(455) 8082674
Gerda,Leere,gleere2i,gleere2i@privacy.gov.au,(935) 9997576
Sky,Eayrs,seayrs2j,seayrs2j@twitpic.com,(480) 3345283
Esta,Rhymes,erhymes2k,erhymes2k@youtube.com,(171) 7183052
Deanna,Swithenby,dswithenby2l,dswithenby2l@ibm.com,(634) 1335280
Obediah,Muat,omuat2m,omuat2m@cnbc.com,(977) 5172651
Misty,De Atta,mdeatta2n,mdeatta2n@icq.com,(534) 7836493
Durward,Dooney,ddooney2o,ddooney2o@wordpress.com,(298) 6528378
Jory,Balasin,jbalasin2p,jbalasin2p@cpanel.net,(515) 8597793
Eugenie,Pina,epina2q,epina2q@cdbaby.com,(299) 9134165
Kaiser,Dingsdale,kdingsdale2r,kdingsdale2r@google.ca,(627) 7323956
Oneida,Perell,operell2s,operell2s@samsung.com,(975) 1535470
Ines,Sidnall,isidnall2t,isidnall2t@fotki.com,(714) 2627904
Georgeanne,McGrirl,gmcgrirl2u,gmcgrirl2u@mysql.com,(557) 9116866
Ruthie,Kunkler,rkunkler2v,rkunkler2v@constantcontact.com,(726) 8248087
Calley,Anglim,canglim2w,canglim2w@google.de,(897) 5918201
Nananne,Alston,nalston2x,nalston2x@npr.org,(784) 9758079
Hadleigh,Emby,hemby2y,hemby2y@php.net,(404) 2389573
Marcia,Haverson,mhaverson2z,mhaverson2z@house.gov,(806) 8034299
Dallis,Handke,dhandke30,dhandke30@xing.com,(885) 2420080
Constancia,Lehemann,clehemann31,clehemann31@4shared.com,(998) 2944390
Theressa,Kamall,tkamall32,tkamall32@aboutads.info,(678) 2597290
Michal,Clawsley,mclawsley33,mclawsley33@taobao.com,(770) 3839293
Marcille,Oakland,moakland34,moakland34@theglobeandmail.com,(465) 7478094
Rhody,Houldcroft,rhouldcroft35,rhouldcroft35@i2i.jp,(970) 2237786
Gorden,Kauffman,gkauffman36,gkauffman36@linkedin.com,(343) 6104421
Gustaf,Roswarn,groswarn37,groswarn37@smugmug.com,(300) 2226783
Allin,Craker,acraker38,acraker38@skyrock.com,(240) 9401351
Millicent,Andryunin,mandryunin39,mandryunin39@chronoengine.com,(763) 5169635
Aundrea,Pimblett,apimblett3a,apimblett3a@cam.ac.uk,(438) 5215069
Nels,Markus,nmarkus3b,nmarkus3b@mediafire.com,(731) 7547196
Lucita,Morgan,lmorgan3c,lmorgan3c@webnode.com,(401) 6823865
Carey,Zecchini,czecchini3d,czecchini3d@wikimedia.org,(840) 5884303
Berkly,MacColgan,bmaccolgan3e,bmaccolgan3e@netscape.com,(913) 7663598
Stella,Wycherley,swycherley3f,swycherley3f@liveinternet.ru,(817) 3873502
Bobbie,Shillaber,bshillaber3g,bshillaber3g@google.co.jp,(257) 3846969
Imogen,Eivers,ieivers3h,ieivers3h@cnbc.com,(939) 8453992
Kev,Cobbing,kcobbing3i,kcobbing3i@e-recht24.de,(220) 7251904
Yvor,Coom,ycoom3j,ycoom3j@upenn.edu,(706) 7216906
Gabriello,Solomon,gsolomon3k,gsolomon3k@acquirethisname.com,(687) 7781070
Norma,Harrinson,nharrinson3l,nharrinson3l@goo.gl,(107) 1106881
Herta,Bergeon,hbergeon3m,hbergeon3m@alibaba.com,(183) 6722535
Annora,Bedrosian,abedrosian3n,abedrosian3n@spotify.com,(477) 9046736
Ashley,Jorden,ajorden3o,ajorden3o@deviantart.com,(927) 8274836
Mirabel,Slograve,mslograve3p,mslograve3p@comsenz.com,(378) 4771433
Boote,Hedau,bhedau3q,bhedau3q@t.co,(451) 2690358
Lanie,MacBean,lmacbean3r,lmacbean3r@blogtalkradio.com,(963) 5279104
Wynne,Vivers,wvivers3s,wvivers3s@plala.or.jp,(503) 6671882
Timi,Cookney,tcookney3t,tcookney3t@facebook.com,(815) 1054979
Ozzie,Djekovic,odjekovic3u,odjekovic3u@merriam-webster.com,(506) 8763079
Bank,Dufall,bdufall3v,bdufall3v@nifty.com,(987) 3229417
Felicity,Hellwing,fhellwing3w,fhellwing3w@army.mil,(152) 9870637
Christye,Kepe,ckepe3x,ckepe3x@imgur.com,(304) 8533105
Randene,Sherwen,rsherwen3y,rsherwen3y@bloglines.com,(878) 7660950
Emmalyn,Balsillie,ebalsillie3z,ebalsillie3z@blogtalkradio.com,(190) 3551823
Tod,Sollis,tsollis40,tsollis40@cocolog-nifty.com,(512) 3774727
Elvyn,Le Maitre,elemaitre41,elemaitre41@is.gd,(779) 5147237
Darill,Reignard,dreignard42,dreignard42@japanpost.jp,(898) 4910847
Annecorinne,Folini,afolini43,afolini43@china.com.cn,(644) 1068553
Cristabel,Willan,cwillan44,cwillan44@privacy.gov.au,(415) 2645861
Irwin,Dengel,idengel45,idengel45@stumbleupon.com,(953) 4071448
Yank,Hanner,yhanner46,yhanner46@bizjournals.com,(482) 4330825
Fulvia,Borel,fborel47,fborel47@spiegel.de,(914) 8653414
Matthaeus,Thackeray,mthackeray48,mthackeray48@dagondesign.com,(568) 7271175
Bartolemo,Ivanikov,bivanikov49,bivanikov49@mashable.com,(279) 8524752
Reeta,Skaid,rskaid4a,rskaid4a@businesswire.com,(137) 2133493
Bethina,Impy,bimpy4b,bimpy4b@shop-pro.jp,(522) 6239743
Lucina,Blaylock,lblaylock4c,lblaylock4c@tumblr.com,(878) 7787731
Payton,Catenot,pcatenot4d,pcatenot4d@plala.or.jp,(774) 6852837
Norton,Whitten,nwhitten4e,nwhitten4e@comcast.net,(429) 5556392
Petra,Andriveau,pandriveau4f,pandriveau4f@fema.gov,(140) 6672131
Barclay,Crowden,bcrowden4g,bcrowden4g@google.fr,(707) 1186486
Julienne,Robotham,jrobotham4h,jrobotham4h@amazon.de,(177) 5486150
Ramsay,Mullord,rmullord4i,rmullord4i@youku.com,(575) 1794978
Miran,Rantoul,mrantoul4j,mrantoul4j@cafepress.com,(994) 9735087
Boothe,Sherred,bsherred4k,bsherred4k@e-recht24.de,(409) 4842074
Robin,Yukhnini,ryukhnini4l,ryukhnini4l@squidoo.com,(724) 1400656
Vivianna,Cossem,vcossem4m,vcossem4m@earthlink.net,(533) 6571580
Kevyn,Danilovic,kdanilovic4n,kdanilovic4n@barnesandnoble.com,(911) 8839350
Fayina,Westcarr,fwestcarr4o,fwestcarr4o@blogtalkradio.com,(294) 6318754
Byrann,Jellard,bjellard4p,bjellard4p@sogou.com,(733) 4621926
Christabella,McGurn,cmcgurn4q,cmcgurn4q@mac.com,(741) 3251523
Magda,Bachshell,mbachshell4r,mbachshell4r@fc2.com,(947) 3194101
Ileane,Cardis,icardis4s,icardis4s@sfgate.com,(605) 6589572
Heida,Kropach,hkropach4t,hkropach4t@dion.ne.jp,(807) 7163545
Pete,Belding,pbelding4u,pbelding4u@utexas.edu,(141) 7867688
Philip,Gover,pgover4v,pgover4v@nhs.uk,(117) 7207947
Denys,Robbe,drobbe4w,drobbe4w@house.gov,(941) 2903426
Victoria,Endacott,vendacott4x,vendacott4x@reverbnation.com,(203) 2097057
Jami,Goodwill,jgoodwill4y,jgoodwill4y@soundcloud.com,(952) 8120628
Willem,Woolstenholmes,wwoolstenholmes4z,wwoolstenholmes4z@oaic.gov.au,(796) 2952899
Ariel,Andreopolos,aandreopolos50,aandreopolos50@pcworld.com,(863) 1759324
Bradly,Manclark,bmanclark51,bmanclark51@amazon.de,(577) 5998050
Mariquilla,Phipson,mphipson52,mphipson52@lulu.com,(493) 4087683
Gustav,Congram,gcongram53,gcongram53@seattletimes.com,(436) 7626181
Jere,Batie,jbatie54,jbatie54@ebay.com,(367) 7571903
Lorne,Dono,ldono55,ldono55@uiuc.edu,(324) 2984037
Gail,Di Giorgio,gdigiorgio56,gdigiorgio56@dell.com,(215) 5184723
Loreen,Springer,lspringer57,lspringer57@yale.edu,(723) 2956678
Goldie,Rowaszkiewicz,growaszkiewicz58,growaszkiewicz58@joomla.org,(862) 8227611
Lucine,Dursley,ldursley59,ldursley59@wordpress.com,(174) 6147524
Wallis,Broome,wbroome5a,wbroome5a@amazonaws.com,(398) 3045420
Skipton,Brithman,sbrithman5b,sbrithman5b@google.nl,(607) 6899123
Donnie,Starkey,dstarkey5c,dstarkey5c@trellian.com,(909) 9592049
Julissa,Roath,jroath5d,jroath5d@joomla.org,(406) 2755628
Frants,Irdale,firdale5e,firdale5e@quantcast.com,(105) 1096548
Bridie,Ions,bions5f,bions5f@dion.ne.jp,(920) 6711688
Heriberto,Biskupski,hbiskupski5g,hbiskupski5g@wordpress.org,(862) 7444299
Netta,Yitzhok,nyitzhok5h,nyitzhok5h@merriam-webster.com,(956) 6018349
Kerwin,Sukbhans,ksukbhans5i,ksukbhans5i@slideshare.net,(748) 4431565
Marion,Hartshorne,mhartshorne5j,mhartshorne5j@soundcloud.com,(935) 6687130
Iorgo,Cayzer,icayzer5k,icayzer5k@nps.gov,(775) 3854864
Verile,Farlowe,vfarlowe5l,vfarlowe5l@google.ru,(725) 4178907
Joelie,Sparshett,jsparshett5m,jsparshett5m@phpbb.com,(412) 1775551
Brynne,Tester,btester5n,btester5n@cloudflare.com,(250) 8230196
Darell,Crowden,dcrowden5o,dcrowden5o@arstechnica.com,(647) 2840156
Maurise,Borgnol,mborgnol5p,mborgnol5p@youku.com,(903) 7163233
Murial,Beaby,mbeaby5q,mbeaby5q@forbes.com,(201) 8469341
Hubert,Scarre,hscarre5r,hscarre5r@netlog.com,(955) 7081098
Alysa,Mulholland,amulholland5s,amulholland5s@ft.com,(474) 4026610
Robinia,De Biaggi,rdebiaggi5t,rdebiaggi5t@archive.org,(683) 7014514
Suzanne,Linley,slinley5u,slinley5u@mysql.com,(846) 2625010
Zonnya,Vanyard,zvanyard5v,zvanyard5v@weibo.com,(781) 1450825
Layne,Adamides,ladamides5w,ladamides5w@cdc.gov,(158) 5174577
Nessi,Doughartie,ndoughartie5x,ndoughartie5x@acquirethisname.com,(642) 8753499
Krishna,Starford,kstarford5y,kstarford5y@wordpress.org,(590) 9630268
Nataniel,Drawmer,ndrawmer5z,ndrawmer5z@wikimedia.org,(696) 9369002
Abbie,Geistbeck,ageistbeck60,ageistbeck60@hubpages.com,(732) 1294382
Gib,O'Cahill,gocahill61,gocahill61@wikia.com,(835) 3597853
Kellie,Brinsden,kbrinsden62,kbrinsden62@patch.com,(821) 7194340
Magdalene,Ondrasek,mondrasek63,mondrasek63@yahoo.com,(679) 2542435
Cosimo,d' Elboux,cdelboux64,cdelboux64@nifty.com,(413) 9561746
Isaac,Scargill,iscargill65,iscargill65@google.es,(948) 1375959
Justen,McAvin,jmcavin66,jmcavin66@amazon.com,(453) 2131207
Madlin,Godbolt,mgodbolt67,mgodbolt67@slate.com,(594) 4026985
Berry,Waeland,bwaeland68,bwaeland68@gov.uk,(938) 2270779
Hilarius,Frayn,hfrayn69,hfrayn69@photobucket.com,(996) 5617205
Richardo,Stamp,rstamp6a,rstamp6a@go.com,(532) 1106435
Alonzo,Durrell,adurrell6b,adurrell6b@paginegialle.it,(282) 9340062
Zach,Pladen,zpladen6c,zpladen6c@histats.com,(280) 5343383
Clemente,Eveleigh,ceveleigh6d,ceveleigh6d@tripod.com,(237) 4797904
Diandra,Skoggings,dskoggings6e,dskoggings6e@mozilla.org,(626) 2940075
Sheba,Kingswell,skingswell6f,skingswell6f@prlog.org,(788) 2549943
Gates,Finan,gfinan6g,gfinan6g@live.com,(249) 5521374
Rorke,MacAiline,rmacailine6h,rmacailine6h@dion.ne.jp,(505) 9296333
Diena,Rosone,drosone6i,drosone6i@exblog.jp,(432) 6658643
Lucais,Zuanelli,lzuanelli6j,lzuanelli6j@census.gov,(699) 6947970
Rodi,Tomney,rtomney6k,rtomney6k@vimeo.com,(613) 4031420
Polly,Alford,palford6l,palford6l@wix.com,(295) 8078293
Adrienne,Kienzle,akienzle6m,akienzle6m@china.com.cn,(280) 2138280
Sharlene,Arpin,sarpin6n,sarpin6n@cdc.gov,(410) 5915176
Karlotta,Simenot,ksimenot6o,ksimenot6o@msn.com,(240) 3268752
Seymour,Chalder,schalder6p,schalder6p@ovh.net,(610) 4554467
Karia,Widdowson,kwiddowson6q,kwiddowson6q@studiopress.com,(832) 3806552
Lisha,Seabourne,lseabourne6r,lseabourne6r@ucsd.edu,(898) 9154318
Domeniga,McKimmie,dmckimmie6s,dmckimmie6s@google.fr,(697) 3861109
Finley,Brugemann,fbrugemann6t,fbrugemann6t@ed.gov,(212) 8587909
Cale,Fahy,cfahy6u,cfahy6u@shareasale.com,(752) 3147583
Mair,Gourlie,mgourlie6v,mgourlie6v@ifeng.com,(791) 1341648
Krissie,Melding,kmelding6w,kmelding6w@behance.net,(600) 3853291
Tatiana,Olner,tolner6x,tolner6x@theatlantic.com,(274) 6270082
Bing,Lukianovich,blukianovich6y,blukianovich6y@bloomberg.com,(483) 5622137
Napoleon,Gisborne,ngisborne6z,ngisborne6z@sogou.com,(295) 9387000
Sauncho,Pickover,spickover70,spickover70@google.com.br,(512) 2458584
Jaquenette,Lammerts,jlammerts71,jlammerts71@e-recht24.de,(880) 5461335
Tate,Neary,tneary72,tneary72@eventbrite.com,(446) 7439952
Tadd,Sinton,tsinton73,tsinton73@technorati.com,(651) 2567300
Ertha,Lewry,elewry74,elewry74@berkeley.edu,(790) 9130482
Fabiano,Haycraft,fhaycraft75,fhaycraft75@google.es,(419) 1267514
Mischa,Swaine,mswaine76,mswaine76@china.com.cn,(407) 9733741
Deanne,Peterffy,dpeterffy77,dpeterffy77@php.net,(762) 5580000
Carr,Baron,cbaron78,cbaron78@engadget.com,(952) 7682332
Pernell,Foxton,pfoxton79,pfoxton79@wiley.com,(413) 7681453
Jamaal,Riolfi,jriolfi7a,jriolfi7a@cbslocal.com,(390) 7031297
Aggy,Bracher,abracher7b,abracher7b@boston.com,(246) 5717704
Jedediah,Maxwale,jmaxwale7c,jmaxwale7c@mac.com,(526) 8543976
Zorina,Maase,zmaase7d,zmaase7d@adobe.com,(179) 5094303
Abe,Blastock,ablastock7e,ablastock7e@engadget.com,(152) 8633121
Christye,Bram,cbram7f,cbram7f@walmart.com,(721) 5916378
Ebenezer,Vonasek,evonasek7g,evonasek7g@bloglines.com,(241) 3737556
Valida,Mewburn,vmewburn7h,vmewburn7h@istockphoto.com,(390) 5433464
Allissa,Curless,acurless7i,acurless7i@marketwatch.com,(354) 5121794
Sherry,Duffree,sduffree7j,sduffree7j@discuz.net,(956) 8496960
Starlin,Leake,sleake7k,sleake7k@google.cn,(762) 4848967
Willy,Damrel,wdamrel7l,wdamrel7l@deviantart.com,(960) 9795182
Katha,Gauchier,kgauchier7m,kgauchier7m@biglobe.ne.jp,(853) 3268675
Clarice,Oliveras,coliveras7n,coliveras7n@discuz.net,(127) 3242508
Martino,Halleybone,mhalleybone7o,mhalleybone7o@geocities.com,(902) 1272640
Henryetta,Cussons,hcussons7p,hcussons7p@cisco.com,(408) 6887714
Blisse,Saltwell,bsaltwell7q,bsaltwell7q@bloglines.com,(969) 6979865
Dieter,Rothermel,drothermel7r,drothermel7r@merriam-webster.com,(179) 5907741
Sully,Steart,ssteart7s,ssteart7s@addtoany.com,(539) 4460784
Saul,Grigoire,sgrigoire7t,sgrigoire7t@wsj.com,(503) 6495599
Rory,Spary,rspary7u,rspary7u@163.com,(908) 6411645
Kyrstin,Dykes,kdykes7v,kdykes7v@aol.com,(608) 5314082
Page,Shemming,pshemming7w,pshemming7w@bizjournals.com,(401) 7613562
Sunshine,McElwee,smcelwee7x,smcelwee7x@joomla.org,(155) 3593098
Lea,Lanfere,llanfere7y,llanfere7y@diigo.com,(614) 2621055
Geno,Drinkeld,gdrinkeld7z,gdrinkeld7z@mozilla.org,(313) 2926346
Ollie,Nehlsen,onehlsen80,onehlsen80@dailymotion.com,(998) 8315789
Bettina,Geldard,bgeldard81,bgeldard81@yellowbook.com,(542) 8012000
Glenna,Sherburn,gsherburn82,gsherburn82@microsoft.com,(812) 4484725
Natividad,Whitsey,nwhitsey83,nwhitsey83@cyberchimps.com,(857) 7629535
Pattie,Lambarth,plambarth84,plambarth84@vkontakte.ru,(534) 4432938
Felicio,Freer,ffreer85,ffreer85@utexas.edu,(559) 2066853
Sarine,Gye,sgye86,sgye86@xrea.com,(256) 6596626
Gael,Sleightholme,gsleightholme87,gsleightholme87@live.com,(273) 5801573
Ford,Yurkiewicz,fyurkiewicz88,fyurkiewicz88@phoca.cz,(313) 3264586
Imelda,Fechnie,ifechnie89,ifechnie89@goodreads.com,(520) 3227072
Yetta,Late,ylate8a,ylate8a@hubpages.com,(140) 3754230
Bea,Eburah,beburah8b,beburah8b@independent.co.uk,(824) 2016872
Nicola,Stormont,nstormont8c,nstormont8c@zimbio.com,(360) 5753338
Ronna,Knibbs,rknibbs8d,rknibbs8d@networksolutions.com,(487) 3082239
Lazaro,Bitcheno,lbitcheno8e,lbitcheno8e@ox.ac.uk,(928) 5526805
Burton,MacIlurick,bmacilurick8f,bmacilurick8f@foxnews.com,(327) 3664957
Dulce,Lipson,dlipson8g,dlipson8g@princeton.edu,(935) 8678866
Lamar,Osbaldstone,losbaldstone8h,losbaldstone8h@redcross.org,(207) 8494175
Teddi,Hubach,thubach8i,thubach8i@elpais.com,(678) 7539320
Sheelah,Slogrove,sslogrove8j,sslogrove8j@blogspot.com,(744) 5085511
Lorrayne,Fendlen,lfendlen8k,lfendlen8k@arizona.edu,(882) 9715325
Arnoldo,Cottell,acottell8l,acottell8l@examiner.com,(567) 3596761
Janel,Sterrie,jsterrie8m,jsterrie8m@nature.com,(311) 3560551
Kiele,Ivantsov,kivantsov8n,kivantsov8n@ifeng.com,(458) 8048591
Husain,Shoute,hshoute8o,hshoute8o@unesco.org,(270) 2716050
Clemmy,Kleinschmidt,ckleinschmidt8p,ckleinschmidt8p@ucsd.edu,(286) 4043631
Brice,Klimke,bklimke8q,bklimke8q@blinklist.com,(498) 6910717
Brook,McGaraghan,bmcgaraghan8r,bmcgaraghan8r@hubpages.com,(660) 2710069
Marne,Todaro,mtodaro8s,mtodaro8s@dagondesign.com,(935) 6979704
Virginie,Revey,vrevey8t,vrevey8t@sohu.com,(394) 6796583
Ariel,Folkard,afolkard8u,afolkard8u@weather.com,(353) 7472538
Lorant,Abbe,labbe8v,labbe8v@ow.ly,(350) 2354512
Kareem,Blowfield,kblowfield8w,kblowfield8w@cloudflare.com,(972) 4098093
Judith,Jerrom,jjerrom8x,jjerrom8x@creativecommons.org,(627) 8949142
Trudie,Crowth,tcrowth8y,tcrowth8y@over-blog.com,(346) 3020458
Deni,Cottam,dcottam8z,dcottam8z@opensource.org,(134) 2378900
Galven,Roycraft,groycraft90,groycraft90@simplemachines.org,(419) 3718930
Beck,Habeshaw,bhabeshaw91,bhabeshaw91@skyrock.com,(808) 3712594
Mattheus,Arstall,marstall92,marstall92@purevolume.com,(884) 6601080
Alfred,Retter,aretter93,aretter93@engadget.com,(433) 4261003
Fonzie,Ashwin,fashwin94,fashwin94@ask.com,(765) 1368102
Rosamond,Dalrymple,rdalrymple95,rdalrymple95@clickbank.net,(800) 4856702
Bamby,Brill,bbrill96,bbrill96@multiply.com,(655) 9964040
Sharon,Kibblewhite,skibblewhite97,skibblewhite97@deviantart.com,(528) 6705175
Laughton,Godden,lgodden98,lgodden98@amazon.co.uk,(335) 4844192
Huntington,Mitskevich,hmitskevich99,hmitskevich99@fastcompany.com,(272) 8739137
Ardyce,Bortolutti,abortolutti9a,abortolutti9a@columbia.edu,(923) 2797987
Krystle,MacIlory,kmacilory9b,kmacilory9b@sphinn.com,(245) 6015460
Joellen,Laffranconi,jlaffranconi9c,jlaffranconi9c@xing.com,(485) 1229017
Lila,Larimer,llarimer9d,llarimer9d@clickbank.net,(429) 9855716
Ivan,Gimeno,igimeno9e,igimeno9e@ucla.edu,(997) 6347455
Salomone,Spikings,sspikings9f,sspikings9f@theglobeandmail.com,(116) 2234117
Odele,Dorton,odorton9g,odorton9g@360.cn,(460) 8216698
Sherwynd,Grishukhin,sgrishukhin9h,sgrishukhin9h@smh.com.au,(610) 8514116
Keelby,Hanniger,khanniger9i,khanniger9i@comcast.net,(228) 8279029
Ewell,Breinlein,ebreinlein9j,ebreinlein9j@gmpg.org,(191) 2025404
Gearalt,Danilovic,gdanilovic9k,gdanilovic9k@prlog.org,(809) 1141862
Lindsay,Bowton,lbowton9l,lbowton9l@macromedia.com,(605) 5227763
Lyssa,Friend,lfriend9m,lfriend9m@shareasale.com,(623) 5028135
Cherie,Lowes,clowes9n,clowes9n@wunderground.com,(781) 2848217
Christos,Neillans,cneillans9o,cneillans9o@indiegogo.com,(671) 5836392
Caspar,Woffenden,cwoffenden9p,cwoffenden9p@alexa.com,(805) 7836417
Taffy,Trighton,ttrighton9q,ttrighton9q@msn.com,(380) 5169461
Conny,Buten,cbuten9r,cbuten9r@infoseek.co.jp,(429) 5637895
Candis,Rodmell,crodmell9s,crodmell9s@bizjournals.com,(672) 6219927
Fanya,Khan,fkhan9t,fkhan9t@twitter.com,(905) 6141486
Brynne,Geall,bgeall9u,bgeall9u@gnu.org,(148) 9885240
Hermia,Gandy,hgandy9v,hgandy9v@example.com,(616) 9151383
Onfroi,Antoni,oantoni9w,oantoni9w@apple.com,(462) 9824948
Marga,Hardwell,mhardwell9x,mhardwell9x@51.la,(913) 8957732
Rosabel,Dibben,rdibben9y,rdibben9y@phpbb.com,(137) 1338477
Tierney,Espinay,tespinay9z,tespinay9z@pagesperso-orange.fr,(143) 2477190
Teodor,Bancroft,tbancrofta0,tbancrofta0@networksolutions.com,(183) 7998348
Bogart,Leversuch,bleversucha1,bleversucha1@biglobe.ne.jp,(839) 8087703
Ebenezer,Luscott,eluscotta2,eluscotta2@unesco.org,(135) 7245119
Vachel,Jikylls,vjikyllsa3,vjikyllsa3@google.it,(744) 1826024
Graehme,Adolf,gadolfa4,gadolfa4@virginia.edu,(277) 9771237
Kurtis,Nolda,knoldaa5,knoldaa5@posterous.com,(257) 2437181
Robinson,Tott,rtotta6,rtotta6@springer.com,(268) 7751227
Lorelei,Metschke,lmetschkea7,lmetschkea7@slideshare.net,(192) 7357852
Jeannine,McNeilly,jmcneillya8,jmcneillya8@fotki.com,(613) 7362704
Burch,Radborn,bradborna9,bradborna9@eventbrite.com,(844) 5083137
Merla,Dunguy,mdunguyaa,mdunguyaa@instagram.com,(869) 7851835
Pavla,Fist,pfistab,pfistab@irs.gov,(838) 8470182
Gamaliel,Libermore,glibermoreac,glibermoreac@ibm.com,(217) 6605963
Charlena,Dunnet,cdunnetad,cdunnetad@arstechnica.com,(845) 6433444
Prent,Kealey,pkealeyae,pkealeyae@usnews.com,(163) 9999028
Perri,Blaschke,pblaschkeaf,pblaschkeaf@thetimes.co.uk,(675) 9220445
Theressa,Sproule,tsprouleag,tsprouleag@nih.gov,(607) 2710039
Emanuele,Leadley,eleadleyah,eleadleyah@goo.gl,(207) 3455693
Adrien,Meier,ameierai,ameierai@1und1.de,(337) 2376160
Shaine,Curling,scurlingaj,scurlingaj@alexa.com,(102) 4358423
Pen,McLeod,pmcleodak,pmcleodak@webeden.co.uk,(899) 9468555
Tyrone,Penticoot,tpenticootal,tpenticootal@yolasite.com,(279) 8623283
Millicent,Gennings,mgenningsam,mgenningsam@pen.io,(240) 3896306
Chantal,Buckston,cbuckstonan,cbuckstonan@woothemes.com,(495) 6765966
Iris,Dunton,iduntonao,iduntonao@vk.com,(586) 5954723
Bryn,Scouler,bscoulerap,bscoulerap@miibeian.gov.cn,(979) 9221180
Morten,McDougal,mmcdougalaq,mmcdougalaq@sakura.ne.jp,(908) 7592398
Zonda,Attwood,zattwoodar,zattwoodar@scribd.com,(317) 8282670
Robbi,Gabbitas,rgabbitasas,rgabbitasas@surveymonkey.com,(656) 1299830
Yancy,Bruineman,ybruinemanat,ybruinemanat@narod.ru,(541) 4002732
Esteban,Schoular,eschoularau,eschoularau@etsy.com,(122) 5445551
Cary,Fryett,cfryettav,cfryettav@slate.com,(605) 6027515
Tiphany,Chorlton,tchorltonaw,tchorltonaw@google.ru,(987) 1146883
Prisca,Swaton,pswatonax,pswatonax@columbia.edu,(562) 8609328
Jens,Corbett,jcorbettay,jcorbettay@statcounter.com,(433) 9565525
Gerrard,Cavan,gcavanaz,gcavanaz@senate.gov,(862) 2791343
Binky,Todman,btodmanb0,btodmanb0@pen.io,(372) 3906765
Bogey,Jedraszczyk,bjedraszczykb1,bjedraszczykb1@blogs.com,(616) 8852391
Alanna,Stanmore,astanmoreb2,astanmoreb2@dot.gov,(787) 1002804
Cecilio,Fidelli,cfidellib3,cfidellib3@gravatar.com,(347) 9953828
Masha,Thew,mthewb4,mthewb4@google.com.hk,(333) 6456192
Udall,Leverette,uleveretteb5,uleveretteb5@bloglines.com,(486) 5932046
Stevena,Bretton,sbrettonb6,sbrettonb6@upenn.edu,(114) 3551822
Eugine,Batson,ebatsonb7,ebatsonb7@bandcamp.com,(455) 7562995
Netti,Dahlbom,ndahlbomb8,ndahlbomb8@friendfeed.com,(446) 8680619
Rozamond,Rapinett,rrapinettb9,rrapinettb9@linkedin.com,(502) 2511143
Jamaal,Standing,jstandingba,jstandingba@xrea.com,(791) 1471231
Glennie,Jiggen,gjiggenbb,gjiggenbb@forbes.com,(816) 3852924
Findley,Fifoot,ffifootbc,ffifootbc@soup.io,(647) 5670606
Karna,Heggadon,kheggadonbd,kheggadonbd@globo.com,(823) 6220065
Tabitha,Baxill,tbaxillbe,tbaxillbe@nyu.edu,(452) 2938518
Leeland,Hamby,lhambybf,lhambybf@dailymail.co.uk,(936) 7462871
Shellysheldon,Joost,sjoostbg,sjoostbg@unesco.org,(430) 8443294
Shannah,Windridge,swindridgebh,swindridgebh@smh.com.au,(501) 7894186
Maria,Bourke,mbourkebi,mbourkebi@chronoengine.com,(295) 5085996
Lewes,Ferrige,lferrigebj,lferrigebj@vinaora.com,(884) 6987026
Danell,Higounet,dhigounetbk,dhigounetbk@epa.gov,(996) 7298161
Spencer,Bischop,sbischopbl,sbischopbl@bravesites.com,(409) 8684763
Benito,Carlick,bcarlickbm,bcarlickbm@cbc.ca,(924) 3621879
Ebeneser,Domengue,edomenguebn,edomenguebn@jimdo.com,(415) 2026202
Dav,Glinde,dglindebo,dglindebo@oracle.com,(716) 3139240
Anselm,Portch,aportchbp,aportchbp@ning.com,(300) 9075318
Arnaldo,Paintain,apaintainbq,apaintainbq@studiopress.com,(556) 9812163
Dennie,Maleham,dmalehambr,dmalehambr@statcounter.com,(284) 7713996
Dottie,Aicheson,daichesonbs,daichesonbs@fastcompany.com,(688) 4468424
Bradley,Robillart,brobillartbt,brobillartbt@ow.ly,(923) 7167694
Nert,Shorey,nshoreybu,nshoreybu@sourceforge.net,(524) 9074959
Fraze,Loins,floinsbv,floinsbv@skyrock.com,(870) 7914408
Nap,Narducci,nnarduccibw,nnarduccibw@ask.com,(412) 2623098
Tracey,Stedall,tstedallbx,tstedallbx@meetup.com,(642) 1696968
Geoffrey,Gaitone,ggaitoneby,ggaitoneby@redcross.org,(193) 2510112
Vinnie,Perone,vperonebz,vperonebz@google.cn,(854) 4054721
Everett,Waddilow,ewaddilowc0,ewaddilowc0@tinyurl.com,(354) 9742860
Michele,Paddle,mpaddlec1,mpaddlec1@surveymonkey.com,(375) 6550207
Salomone,Chill,schillc2,schillc2@economist.com,(361) 3913533
Haroun,De Simone,hdesimonec3,hdesimonec3@fda.gov,(696) 4982707
Atlanta,Snufflebottom,asnufflebottomc4,asnufflebottomc4@china.com.cn,(173) 3702711
Manuel,Ailward,mailwardc5,mailwardc5@army.mil,(720) 8224864
Vanni,Fearfull,vfearfullc6,vfearfullc6@zdnet.com,(935) 6254585
Matilda,Izat,mizatc7,mizatc7@nationalgeographic.com,(487) 7954822
Jervis,Marre,jmarrec8,jmarrec8@webs.com,(215) 9431837
Tommy,O'Dougherty,todoughertyc9,todoughertyc9@reverbnation.com,(396) 9756602
Raddy,Lamplough,rlamploughca,rlamploughca@flavors.me,(996) 9682534
Wash,Rahl,wrahlcb,wrahlcb@dailymotion.com,(246) 5528898
Meryl,Kamiyama,mkamiyamacc,mkamiyamacc@shareasale.com,(236) 1861241
Marys,Rowden,mrowdencd,mrowdencd@netvibes.com,(242) 3556075
Rex,Stockin,rstockince,rstockince@shinystat.com,(712) 2597945
Bourke,Ziehms,bziehmscf,bziehmscf@amazon.com,(310) 1563556
Susanna,Ganiclef,sganiclefcg,sganiclefcg@ibm.com,(188) 8875342
Reed,Upham,ruphamch,ruphamch@jigsy.com,(212) 2455152
Ange,Howell,ahowellci,ahowellci@mozilla.com,(995) 8538609
Terri,Mazzia,tmazziacj,tmazziacj@xrea.com,(858) 7736515
Stephana,Biasi,sbiasick,sbiasick@geocities.com,(643) 3014991
Sophronia,Snugg,ssnuggcl,ssnuggcl@networksolutions.com,(514) 7899232
Torre,Moodey,tmoodeycm,tmoodeycm@goodreads.com,(230) 8474385
Basilius,Headrick,bheadrickcn,bheadrickcn@chronoengine.com,(114) 3209518
Jewell,Croyser,jcroyserco,jcroyserco@bizjournals.com,(941) 3487175
Adore,Guitt,aguittcp,aguittcp@imgur.com,(436) 8905261
Patty,Feben,pfebencq,pfebencq@cdc.gov,(922) 6533488
Ede,Greedyer,egreedyercr,egreedyercr@nsw.gov.au,(868) 5195376
Lusa,Baudts,lbaudtscs,lbaudtscs@home.pl,(776) 8100856
Wanids,Korpal,wkorpalct,wkorpalct@histats.com,(514) 4707787
Lory,Franceschielli,lfranceschiellicu,lfranceschiellicu@hatena.ne.jp,(951) 1279317
Clemmie,Dugget,cduggetcv,cduggetcv@bizjournals.com,(644) 1634389
Barbaraanne,Lartice,blarticecw,blarticecw@ftc.gov,(814) 2896486
Emmy,Ganter,egantercx,egantercx@github.com,(358) 7152205
Onofredo,Ruby,orubycy,orubycy@eventbrite.com,(667) 5034564
Amandie,Ceschelli,aceschellicz,aceschellicz@hud.gov,(148) 7428676
Arden,Cartmer,acartmerd0,acartmerd0@bbc.co.uk,(855) 3447156
Roobbie,Dyble,rdybled1,rdybled1@angelfire.com,(101) 2065865
Eugenio,Rackstraw,erackstrawd2,erackstrawd2@phoca.cz,(726) 9262664
Vinni,Gerren,vgerrend3,vgerrend3@slate.com,(756) 6064770
Masha,Mainstone,mmainstoned4,mmainstoned4@va.gov,(218) 1525030
Lavina,Bussons,lbussonsd5,lbussonsd5@wsj.com,(308) 3684067
Perl,Brizland,pbrizlandd6,pbrizlandd6@yandex.ru,(230) 9175627
Cameron,Cronshaw,ccronshawd7,ccronshawd7@amazon.com,(358) 1036896
Angelle,Battlestone,abattlestoned8,abattlestoned8@lulu.com,(324) 1322054
Daniel,Doudney,ddoudneyd9,ddoudneyd9@networksolutions.com,(555) 2896378
Boniface,Cortin,bcortinda,bcortinda@de.vu,(113) 5576629
Shayna,Camerello,scamerellodb,scamerellodb@statcounter.com,(348) 5588605
Trip,Dempsey,tdempseydc,tdempseydc@multiply.com,(309) 5015391
Lindy,Shiel,lshieldd,lshieldd@csmonitor.com,(142) 1234237
Sherry,Miners,sminersde,sminersde@shinystat.com,(460) 9350728
Darryl,Lages,dlagesdf,dlagesdf@ovh.net,(822) 4644315
Ottilie,Phant,ophantdg,ophantdg@sphinn.com,(634) 1876597
Quintus,Cahen,qcahendh,qcahendh@unicef.org,(398) 7379250
Fidelia,Bridle,fbridledi,fbridledi@pcworld.com,(266) 1657982
Jenn,Carlaw,jcarlawdj,jcarlawdj@histats.com,(306) 2475460
Robyn,Rounsefull,rrounsefulldk,rrounsefulldk@squarespace.com,(989) 3413604
Kylila,Phizaclea,kphizacleadl,kphizacleadl@businessinsider.com,(517) 7196517
Archie,Mityashin,amityashindm,amityashindm@cpanel.net,(494) 1662380
Roger,Artois,rartoisdn,rartoisdn@mtv.com,(773) 4554721
Kathrine,Cremen,kcremendo,kcremendo@spiegel.de,(750) 3401413
Georgie,Ivanin,givanindp,givanindp@qq.com,(801) 9436610
Ram,Curgenven,rcurgenvendq,rcurgenvendq@squarespace.com,(900) 9845491
Lura,McGillicuddy,lmcgillicuddydr,lmcgillicuddydr@cbslocal.com,(540) 6106257
Dorene,Koch,dkochds,dkochds@statcounter.com,(338) 2531342
Tobit,Burden,tburdendt,tburdendt@reddit.com,(938) 4378642
Abe,Fancutt,afancuttdu,afancuttdu@upenn.edu,(461) 9107135
Juliann,Coop,jcoopdv,jcoopdv@flickr.com,(257) 1231274
Maribelle,Bertome,mbertomedw,mbertomedw@amazonaws.com,(301) 6092040
Clara,Gladtbach,cgladtbachdx,cgladtbachdx@cisco.com,(941) 9878719
Larina,Durkin,ldurkindy,ldurkindy@sun.com,(735) 9626138
Conant,Wanek,cwanekdz,cwanekdz@printfriendly.com,(269) 7411118
Pierson,Cartmail,pcartmaile0,pcartmaile0@live.com,(696) 2929508
Kenn,Georgelin,kgeorgeline1,kgeorgeline1@mail.ru,(131) 8485398
Chlo,Gamlin,cgamline2,cgamline2@google.ca,(460) 6717929
Clementius,Dawltrey,cdawltreye3,cdawltreye3@woothemes.com,(878) 5844362
Ephrayim,Odda,eoddae4,eoddae4@last.fm,(760) 9152579
Broderic,Walling,bwallinge5,bwallinge5@bloglovin.com,(159) 8956953
Regine,Gorges,rgorgese6,rgorgese6@amazonaws.com,(391) 9172647
Lucita,Gegay,lgegaye7,lgegaye7@wired.com,(102) 2863469
Barnaby,Jonsson,bjonssone8,bjonssone8@stanford.edu,(180) 3798276
Dukie,Nehlsen,dnehlsene9,dnehlsene9@wikia.com,(282) 2126064
Cindie,Oliva,colivaea,colivaea@feedburner.com,(387) 7300282
Hildy,Von Hindenburg,hvonhindenburgeb,hvonhindenburgeb@ehow.com,(205) 6219481
Shelli,Tzar,stzarec,stzarec@comsenz.com,(938) 2083519
Carie,Enrdigo,cenrdigoed,cenrdigoed@tinyurl.com,(393) 3360179
Normy,Cudworth,ncudworthee,ncudworthee@webeden.co.uk,(910) 4270803
Steven,Villaret,svillaretef,svillaretef@va.gov,(250) 3330034
Claudian,Mowday,cmowdayeg,cmowdayeg@blogtalkradio.com,(166) 6630682
Ford,Hincks,fhinckseh,fhinckseh@ft.com,(610) 3686306
Alie,Chalke,achalkeei,achalkeei@artisteer.com,(564) 8928682
Sean,Goneau,sgoneauej,sgoneauej@imdb.com,(347) 2769079
Godfry,Ebrall,gebrallek,gebrallek@joomla.org,(106) 7575913
Cordy,Durbann,cdurbannel,cdurbannel@cargocollective.com,(531) 8158708
Randell,Bottell,rbottellem,rbottellem@163.com,(213) 6526531
Claudelle,Rentilll,crentilllen,crentilllen@cbsnews.com,(813) 8411487
Livvie,Beveredge,lbeveredgeeo,lbeveredgeeo@desdev.cn,(572) 1845540
Priscella,Laughnan,plaughnanep,plaughnanep@marriott.com,(645) 8184062
Holli,Rawles,hrawleseq,hrawleseq@php.net,(484) 6676929
Ashbey,Engelbrecht,aengelbrechter,aengelbrechter@mlb.com,(919) 7600608
Addy,Greenman,agreenmanes,agreenmanes@webnode.com,(195) 8738477
Rudy,Scutching,rscutchinget,rscutchinget@guardian.co.uk,(919) 3762917
Alethea,Stainland,astainlandeu,astainlandeu@narod.ru,(294) 2933658
Brewster,Blinkhorn,bblinkhornev,bblinkhornev@umn.edu,(604) 2881059
Leanor,Orgen,lorgenew,lorgenew@hexun.com,(453) 3580315
Geoffrey,MacKay,gmackayex,gmackayex@t.co,(462) 5466563
Orton,Rosencwaig,orosencwaigey,orosencwaigey@symantec.com,(224) 1419976
Steffane,Ryal,sryalez,sryalez@prnewswire.com,(967) 1858833
Wilfrid,Quinnelly,wquinnellyf0,wquinnellyf0@biblegateway.com,(309) 5747959
Otto,Tott,otottf1,otottf1@php.net,(940) 9235579
Melisse,Hance,mhancef2,mhancef2@last.fm,(882) 2350177
Wilhelmina,Noto,wnotof3,wnotof3@wp.com,(710) 6862145
Giulio,Wegner,gwegnerf4,gwegnerf4@hhs.gov,(160) 7168547
Jade,Heake,jheakef5,jheakef5@addtoany.com,(350) 2486396
Warden,Riche,wrichef6,wrichef6@gravatar.com,(716) 6674736
Darb,Amys,damysf7,damysf7@state.tx.us,(824) 6500442
Faydra,Dablin,fdablinf8,fdablinf8@google.nl,(643) 1732474
Rosemonde,Stennine,rstenninef9,rstenninef9@g.co,(868) 8174060
Wilmar,Badsworth,wbadsworthfa,wbadsworthfa@house.gov,(178) 8290060
Cirillo,De L'Isle,cdelislefb,cdelislefb@cnbc.com,(527) 2499169
Vlad,McGahern,vmcgahernfc,vmcgahernfc@github.io,(172) 6653212
Baillie,Kilsby,bkilsbyfd,bkilsbyfd@sfgate.com,(148) 8487697
Emera,Curle,ecurlefe,ecurlefe@uiuc.edu,(616) 5638300
Mort,Bullas,mbullasff,mbullasff@scribd.com,(787) 7759458
Ianthe,Bjorkan,ibjorkanfg,ibjorkanfg@google.co.uk,(594) 7552184
Thomasin,Dyas,tdyasfh,tdyasfh@com.com,(666) 1070845
Marcello,Chestnut,mchestnutfi,mchestnutfi@slashdot.org,(401) 6745116
Oran,Huff,ohufffj,ohufffj@senate.gov,(180) 8782642
Viva,Larham,vlarhamfk,vlarhamfk@123-reg.co.uk,(302) 3868492
Tabatha,Fielders,tfieldersfl,tfieldersfl@timesonline.co.uk,(233) 2405410
Alexa,Lorenzetti,alorenzettifm,alorenzettifm@newyorker.com,(464) 9504393
Giorgio,Bone,gbonefn,gbonefn@hexun.com,(786) 7503526
Lemuel,Ainge,laingefo,laingefo@bigcartel.com,(928) 9629589
Ethelred,Slowan,eslowanfp,eslowanfp@google.it,(468) 3482420
Eadith,Stuttard,estuttardfq,estuttardfq@soup.io,(373) 9209315
Billy,Tibols,btibolsfr,btibolsfr@walmart.com,(369) 7183100
Trixie,Di Bartolomeo,tdibartolomeofs,tdibartolomeofs@wp.com,(982) 9823810
Reilly,Trickett,rtrickettft,rtrickettft@webeden.co.uk,(730) 8297062
Winfield,Falkus,wfalkusfu,wfalkusfu@dmoz.org,(186) 1643532
Tildi,McTavy,tmctavyfv,tmctavyfv@cornell.edu,(205) 6721613
Nari,Adriaan,nadriaanfw,nadriaanfw@cbslocal.com,(957) 4867672
Roxanna,Plumstead,rplumsteadfx,rplumsteadfx@cafepress.com,(630) 5402391
Maribel,Claypoole,mclaypoolefy,mclaypoolefy@buzzfeed.com,(669) 8631686
Cari,Kybbye,ckybbyefz,ckybbyefz@pen.io,(652) 6409043
Merwin,Prinne,mprinneg0,mprinneg0@dot.gov,(418) 4281362
Skyler,Hazeldean,shazeldeang1,shazeldeang1@vimeo.com,(432) 6708152
Letta,Mullinder,lmullinderg2,lmullinderg2@1688.com,(510) 3852167
Jerad,Crepel,jcrepelg3,jcrepelg3@sohu.com,(159) 9927036
Sibylle,Ingry,singryg4,singryg4@quantcast.com,(508) 7608975
Henka,Robertet,hrobertetg5,hrobertetg5@google.com.au,(383) 7089754
Eben,Dubble,edubbleg6,edubbleg6@china.com.cn,(938) 2890333
Renae,McGinley,rmcginleyg7,rmcginleyg7@ning.com,(764) 1042871
Jasmine,Sprott,jsprottg8,jsprottg8@google.co.jp,(448) 3674504
Gert,Montgomery,gmontgomeryg9,gmontgomeryg9@hao123.com,(620) 3733916
Dolph,Deners,ddenersga,ddenersga@google.fr,(851) 8993382
Simon,Millson,smillsongb,smillsongb@skyrock.com,(732) 7393276
Kacy,Morecomb,kmorecombgc,kmorecombgc@live.com,(739) 9936533
Celeste,Birtwhistle,cbirtwhistlegd,cbirtwhistlegd@i2i.jp,(710) 7884452
Gaylord,Keedwell,gkeedwellge,gkeedwellge@rakuten.co.jp,(602) 2271288
Stacia,Doylend,sdoylendgf,sdoylendgf@craigslist.org,(983) 4318647
Jozef,Bartolommeo,jbartolommeogg,jbartolommeogg@yelp.com,(416) 3741572
Dion,Bohler,dbohlergh,dbohlergh@furl.net,(771) 5858591
Amii,Dohmann,adohmanngi,adohmanngi@amazon.co.uk,(623) 8431536
Quillan,Lawtey,qlawteygj,qlawteygj@fastcompany.com,(548) 8277372
Ryan,Loiterton,rloitertongk,rloitertongk@barnesandnoble.com,(655) 7054454
Tasia,Rudolf,trudolfgl,trudolfgl@soundcloud.com,(718) 3365685
Angie,Rigeby,arigebygm,arigebygm@alexa.com,(175) 8380327
Reginauld,Langworthy,rlangworthygn,rlangworthygn@dailymail.co.uk,(143) 7923205
Kiri,Turville,kturvillego,kturvillego@bbb.org,(311) 8669022
Dewitt,Swancock,dswancockgp,dswancockgp@t.co,(251) 5132683
Willi,Duff,wduffgq,wduffgq@yellowbook.com,(730) 9489646
Sabine,Eadmead,seadmeadgr,seadmeadgr@pbs.org,(807) 3369240
Innis,Egleton,iegletongs,iegletongs@gnu.org,(735) 5560503
Karlene,Lamball,klamballgt,klamballgt@cornell.edu,(152) 9882865
Des,Astie,dastiegu,dastiegu@answers.com,(164) 7524888
Cindy,Jessopp,cjessoppgv,cjessoppgv@bandcamp.com,(717) 8585080
Andreas,Tarbet,atarbetgw,atarbetgw@ucsd.edu,(674) 8451505
Erskine,Broad,ebroadgx,ebroadgx@ucsd.edu,(138) 5209099
Sher,Beyer,sbeyergy,sbeyergy@zimbio.com,(140) 3227963
Bryanty,Lermouth,blermouthgz,blermouthgz@ibm.com,(401) 8626514
Timmy,Brenston,tbrenstonh0,tbrenstonh0@dagondesign.com,(570) 9812685
Chev,Baskeyfied,cbaskeyfiedh1,cbaskeyfiedh1@fastcompany.com,(658) 1789169
Abdel,Badman,abadmanh2,abadmanh2@digg.com,(792) 2272624
Vivyanne,Orth,vorthh3,vorthh3@ovh.net,(500) 7396491
Ryann,Bagnell,rbagnellh4,rbagnellh4@ocn.ne.jp,(249) 8585746
Belita,Kinglake,bkinglakeh5,bkinglakeh5@joomla.org,(783) 6908957
Leonerd,Diggons,ldiggonsh6,ldiggonsh6@howstuffworks.com,(158) 2933398
Tabby,Clelle,tclelleh7,tclelleh7@live.com,(249) 3730195
Janaye,Grayne,jgrayneh8,jgrayneh8@arstechnica.com,(479) 1297718
Malia,Treharne,mtreharneh9,mtreharneh9@list-manage.com,(148) 9325862
Caitrin,Sollner,csollnerha,csollnerha@yellowbook.com,(480) 3258747
Dulcie,Worster,dworsterhb,dworsterhb@bravesites.com,(505) 9761366
Mill,Ivashnikov,mivashnikovhc,mivashnikovhc@barnesandnoble.com,(305) 8046801
Ophelia,Lambrecht,olambrechthd,olambrechthd@wired.com,(132) 1907818
Isaak,Ismead,iismeadhe,iismeadhe@technorati.com,(123) 7187278
Simona,Fransseni,sfranssenihf,sfranssenihf@irs.gov,(184) 7590532
Marco,Klosterman,mklostermanhg,mklostermanhg@deliciousdays.com,(281) 5855147
Wolfgang,Grosvenor,wgrosvenorhh,wgrosvenorhh@dedecms.com,(195) 4622842
Chucho,Meeland,cmeelandhi,cmeelandhi@yale.edu,(926) 8973275
Shandee,Demaine,sdemainehj,sdemainehj@indiegogo.com,(599) 9355537
Ilyssa,Shellcross,ishellcrosshk,ishellcrosshk@geocities.com,(238) 8804291
Gnni,Thomke,gthomkehl,gthomkehl@buzzfeed.com,(791) 1011024
Addi,Getcliff,agetcliffhm,agetcliffhm@who.int,(588) 6640650
Krista,Ricart,kricarthn,kricarthn@wordpress.org,(510) 6227636
Tripp,Pyrah,tpyrahho,tpyrahho@adobe.com,(814) 7571069
Sayer,MacTerlagh,smacterlaghhp,smacterlaghhp@bravesites.com,(831) 6545078
Nefen,Haverson,nhaversonhq,nhaversonhq@digg.com,(821) 1559013
Mano,Breitling,mbreitlinghr,mbreitlinghr@bloglines.com,(249) 1763005
Mervin,Koppel,mkoppelhs,mkoppelhs@mac.com,(775) 7234958
Sarajane,Keddie,skeddieht,skeddieht@people.com.cn,(169) 1682145
Cosmo,Tiplady,ctipladyhu,ctipladyhu@aboutads.info,(742) 2112452
Caron,Luton,clutonhv,clutonhv@acquirethisname.com,(777) 2086513
Danya,Gadie,dgadiehw,dgadiehw@seattletimes.com,(203) 9950916
Dave,Castagne,dcastagnehx,dcastagnehx@yahoo.com,(618) 1453664
Euell,Burril,eburrilhy,eburrilhy@pinterest.com,(594) 6385665
Jabez,Avraam,javraamhz,javraamhz@people.com.cn,(524) 1281430
Alexia,Jeacocke,ajeacockei0,ajeacockei0@amazon.co.jp,(493) 4652545
Crista,Tinner,ctinneri1,ctinneri1@discovery.com,(204) 6387546
Yule,Bromfield,ybromfieldi2,ybromfieldi2@twitpic.com,(123) 2673764
Radcliffe,Hazelgreave,rhazelgreavei3,rhazelgreavei3@sphinn.com,(899) 7267106
Nahum,Chinery,nchineryi4,nchineryi4@nationalgeographic.com,(368) 5249323
Hester,Maccaddie,hmaccaddiei5,hmaccaddiei5@blinklist.com,(231) 7516629
Clay,Caron,ccaroni6,ccaroni6@a8.net,(220) 7177700
Annmarie,Faulder,afaulderi7,afaulderi7@ehow.com,(754) 8302641
Emily,Tackes,etackesi8,etackesi8@google.com.au,(774) 5701237
Griselda,Willimot,gwillimoti9,gwillimoti9@ocn.ne.jp,(275) 1846775
Tommie,Gatrill,tgatrillia,tgatrillia@mysql.com,(588) 8229263
Waly,Spadotto,wspadottoib,wspadottoib@t-online.de,(638) 6204433
Dacey,Mackinder,dmackinderic,dmackinderic@loc.gov,(581) 5238461
Ciel,Bodocs,cbodocsid,cbodocsid@linkedin.com,(598) 2831895
Nickolas,Persitt,npersittie,npersittie@sourceforge.net,(634) 6692217
Dacy,Saipy,dsaipyif,dsaipyif@indiatimes.com,(186) 7258775
Marta,Belchem,mbelchemig,mbelchemig@amazon.co.uk,(766) 3541584
Vannie,Morten,vmortenih,vmortenih@ocn.ne.jp,(313) 8744172
Vladimir,Jakes,vjakesii,vjakesii@buzzfeed.com,(473) 2666482
Nana,Avory,navoryij,navoryij@about.com,(636) 8725670
Care,MacTrustram,cmactrustramik,cmactrustramik@epa.gov,(665) 2283625
Lenna,Gloyens,lgloyensil,lgloyensil@google.es,(369) 5122199
Leonard,Delbergue,ldelbergueim,ldelbergueim@cpanel.net,(506) 5191185
Mabel,Bollans,mbollansin,mbollansin@google.com.br,(989) 7615284
Darnall,Zamorano,dzamoranoio,dzamoranoio@skyrock.com,(871) 7118163
Murray,Phizaclea,mphizacleaip,mphizacleaip@cloudflare.com,(364) 5980796
Lurline,Neames,lneamesiq,lneamesiq@php.net,(572) 5474308
Caresse,Smalley,csmalleyir,csmalleyir@a8.net,(397) 9477318
Raddy,Tapsell,rtapsellis,rtapsellis@ocn.ne.jp,(520) 3756952
Jaquelin,Iashvili,jiashviliit,jiashviliit@paginegialle.it,(318) 4549862
Briney,Marquese,bmarqueseiu,bmarqueseiu@1688.com,(112) 3703252
Lonnard,Fenby,lfenbyiv,lfenbyiv@twitter.com,(990) 4566214
Townsend,Fader,tfaderiw,tfaderiw@goodreads.com,(772) 8341743
Russ,Puzey,rpuzeyix,rpuzeyix@ebay.com,(358) 5762408
Corbin,Callf,ccallfiy,ccallfiy@bizjournals.com,(514) 9811968
Mersey,Stefi,mstefiiz,mstefiiz@networkadvertising.org,(957) 2648929
Esmeralda,Basnall,ebasnallj0,ebasnallj0@hc360.com,(327) 6588176
Dill,Radden,draddenj1,draddenj1@parallels.com,(346) 6058465
Ximenes,Pioch,xpiochj2,xpiochj2@stumbleupon.com,(758) 7581463
Karyl,Lush,klushj3,klushj3@domainmarket.com,(590) 2831079
Ethe,Kenafaque,ekenafaquej4,ekenafaquej4@ucsd.edu,(508) 5483484
Tan,McSporrin,tmcsporrinj5,tmcsporrinj5@github.io,(973) 9332224
Tucky,Temple,ttemplej6,ttemplej6@amazon.de,(404) 3989033
Shari,Packer,spackerj7,spackerj7@edublogs.org,(924) 4581992
Herbert,Braz,hbrazj8,hbrazj8@unesco.org,(903) 8432923
Octavia,Thickpenny,othickpennyj9,othickpennyj9@sun.com,(263) 5736164
Sammy,Tosney,stosneyja,stosneyja@dailymail.co.uk,(632) 3485727
Erica,Goulbourn,egoulbournjb,egoulbournjb@bravesites.com,(528) 1253698
Carlynne,Lates,clatesjc,clatesjc@tmall.com,(964) 7610951
Lenka,Vincent,lvincentjd,lvincentjd@nyu.edu,(122) 7277072
Israel,Carnduff,icarnduffje,icarnduffje@issuu.com,(442) 1655577
Samson,Kristiansen,skristiansenjf,skristiansenjf@storify.com,(494) 2954355
Linus,Smales,lsmalesjg,lsmalesjg@quantcast.com,(971) 5677317
Jourdain,Bulch,jbulchjh,jbulchjh@github.com,(322) 6198604
Onofredo,Holbury,oholburyji,oholburyji@hp.com,(123) 8994163
Maryanne,Helleker,mhellekerjj,mhellekerjj@nyu.edu,(320) 2974318
Maisie,Trewin,mtrewinjk,mtrewinjk@noaa.gov,(998) 3906590
Herold,Edleston,hedlestonjl,hedlestonjl@ebay.co.uk,(469) 6685691
Blaine,Minguet,bminguetjm,bminguetjm@google.it,(729) 8428364
Elly,Smithers,esmithersjn,esmithersjn@nps.gov,(147) 7720368
Hilario,Marshal,hmarshaljo,hmarshaljo@google.com.hk,(342) 2355677
Ottilie,Masic,omasicjp,omasicjp@shareasale.com,(241) 5350050
Zared,Thyng,zthyngjq,zthyngjq@pagesperso-orange.fr,(478) 1210558
Elvira,Leighton,eleightonjr,eleightonjr@foxnews.com,(646) 2592592
Kayla,Drews,kdrewsjs,kdrewsjs@go.com,(661) 4457001
Maximilianus,Motte,mmottejt,mmottejt@google.com.hk,(953) 6633006
Hilarius,Shorten,hshortenju,hshortenju@so-net.ne.jp,(136) 4475383
Lorita,Ivons,livonsjv,livonsjv@state.tx.us,(178) 1898779
Annelise,Sevier,asevierjw,asevierjw@webeden.co.uk,(616) 5642959
Burk,Olrenshaw,bolrenshawjx,bolrenshawjx@cmu.edu,(294) 6678724
Mahalia,Domino,mdominojy,mdominojy@apache.org,(479) 7764898
Kareem,O'Hone,kohonejz,kohonejz@time.com,(929) 2820816
Ethelbert,Nenci,enencik0,enencik0@va.gov,(312) 3969204
Ann-marie,Grishanov,agrishanovk1,agrishanovk1@bizjournals.com,(523) 3165346
Alli,Goodison,agoodisonk2,agoodisonk2@t-online.de,(649) 7459127
Chico,Robilliard,crobilliardk3,crobilliardk3@amazon.com,(172) 7227086
Sean,Yakutin,syakutink4,syakutink4@netvibes.com,(651) 9405256
Jennine,Kays,jkaysk5,jkaysk5@bandcamp.com,(316) 1965104
Dorella,Burtonwood,dburtonwoodk6,dburtonwoodk6@addthis.com,(192) 8579209
Celina,Ranfield,cranfieldk7,cranfieldk7@nih.gov,(422) 6266226
Jeremias,Raddish,jraddishk8,jraddishk8@cyberchimps.com,(919) 7297891
Cornell,Stanbro,cstanbrok9,cstanbrok9@buzzfeed.com,(949) 1747697
Neysa,Fautly,nfautlyka,nfautlyka@cyberchimps.com,(955) 3531393
Gregorio,Drinkel,gdrinkelkb,gdrinkelkb@mapy.cz,(485) 3203888
Lynne,Shavel,lshavelkc,lshavelkc@discuz.net,(725) 4061365
Saunders,Nutbeam,snutbeamkd,snutbeamkd@wisc.edu,(251) 3014127
Cori,Corsham,ccorshamke,ccorshamke@wikia.com,(987) 2793129
Mar,Oglevie,mogleviekf,mogleviekf@noaa.gov,(537) 5464072
Mervin,Froude,mfroudekg,mfroudekg@sciencedirect.com,(760) 1182015
Meagan,Rann,mrannkh,mrannkh@photobucket.com,(903) 1743004
Morton,De Witt,mdewittki,mdewittki@hp.com,(293) 2178156
Greg,Verchambre,gverchambrekj,gverchambrekj@hugedomains.com,(268) 6569506
Gennie,Goroni,ggoronikk,ggoronikk@webs.com,(723) 1438447
Johann,Reddish,jreddishkl,jreddishkl@canalblog.com,(253) 9922797
Calli,Burdekin,cburdekinkm,cburdekinkm@marriott.com,(829) 8257092
Viole,Caldicot,vcaldicotkn,vcaldicotkn@utexas.edu,(467) 5392800
Rowney,Longford,rlongfordko,rlongfordko@latimes.com,(943) 5198724
Germaine,Wadworth,gwadworthkp,gwadworthkp@topsy.com,(635) 6160947
Bertha,Filde,bfildekq,bfildekq@barnesandnoble.com,(127) 2830419
Ewart,Sopper,esopperkr,esopperkr@ft.com,(939) 8071428
Marten,McMakin,mmcmakinks,mmcmakinks@histats.com,(732) 4436289
Griffie,Gommey,ggommeykt,ggommeykt@nydailynews.com,(805) 3586702
Sarine,Chatelot,schatelotku,schatelotku@blog.com,(843) 2008457
Ashli,Filipczak,afilipczakkv,afilipczakkv@youtube.com,(557) 1502116
Genia,Gemlett,ggemlettkw,ggemlettkw@earthlink.net,(300) 6571083
Peder,Girardoni,pgirardonikx,pgirardonikx@latimes.com,(958) 4030881
Dorothy,Follacaro,dfollacaroky,dfollacaroky@smugmug.com,(564) 9136190
Brittni,Crawley,bcrawleykz,bcrawleykz@amazon.co.jp,(904) 3081180
Milka,Beddie,mbeddiel0,mbeddiel0@baidu.com,(706) 7498826
Alfie,Cherrett,acherrettl1,acherrettl1@blogtalkradio.com,(297) 3959672
Fenelia,Shapland,fshaplandl2,fshaplandl2@list-manage.com,(295) 1822315
Valerye,Nurdin,vnurdinl3,vnurdinl3@mapquest.com,(315) 9935014
Georgianne,Gettings,ggettingsl4,ggettingsl4@yellowbook.com,(458) 6877667
Bentlee,Beddows,bbeddowsl5,bbeddowsl5@pbs.org,(569) 9908500
Esdras,Bleything,ebleythingl6,ebleythingl6@alexa.com,(946) 7385367
Sean,Linney,slinneyl7,slinneyl7@canalblog.com,(486) 4505133
Collen,Rands,crandsl8,crandsl8@wunderground.com,(887) 9830225
Angus,Antonomolii,aantonomoliil9,aantonomoliil9@51.la,(100) 7127204
Hope,Thys,hthysla,hthysla@typepad.com,(579) 9361833
Valentino,Attlee,vattleelb,vattleelb@goo.ne.jp,(621) 9998297
Max,Duell,mduelllc,mduelllc@bbc.co.uk,(874) 9529119
Catarina,Durnall,cdurnallld,cdurnallld@wunderground.com,(343) 1305117
Allissa,Ellwood,aellwoodle,aellwoodle@icq.com,(492) 2947882
Kanya,Rowland,krowlandlf,krowlandlf@blogspot.com,(700) 5267561
Danyette,Lichfield,dlichfieldlg,dlichfieldlg@unesco.org,(445) 8955820
Hagen,Flewett,hflewettlh,hflewettlh@amazon.co.jp,(529) 8622893
Enos,Mapplebeck,emapplebeckli,emapplebeckli@ucoz.com,(976) 6501033
Camille,Coweuppe,ccoweuppelj,ccoweuppelj@mashable.com,(714) 4460734
Brewer,Yashunin,byashuninlk,byashuninlk@alibaba.com,(636) 5622340
Cesar,Isitt,cisittll,cisittll@diigo.com,(121) 8848447
Avril,Paylor,apaylorlm,apaylorlm@eventbrite.com,(876) 7498662
Lance,Lempke,llempkeln,llempkeln@hostgator.com,(643) 7077705
De witt,Fergie,dfergielo,dfergielo@spiegel.de,(509) 8177115
Elva,Rizzone,erizzonelp,erizzonelp@privacy.gov.au,(597) 8323881
Angelina,Matuszak,amatuszaklq,amatuszaklq@mail.ru,(345) 3886415
Tessie,Polson,tpolsonlr,tpolsonlr@reverbnation.com,(241) 7551873
Aurelie,Bezant,abezantls,abezantls@spiegel.de,(463) 4667309
Quintina,Guthrie,qguthrielt,qguthrielt@huffingtonpost.com,(449) 3824928
Lammond,Miguel,lmiguellu,lmiguellu@sitemeter.com,(764) 9607612
Kai,Walby,kwalbylv,kwalbylv@xinhuanet.com,(266) 8126323
Knox,Gofforth,kgofforthlw,kgofforthlw@t-online.de,(908) 9944934
Mable,Childs,mchildslx,mchildslx@google.es,(394) 2409988
Emylee,Kelmere,ekelmerely,ekelmerely@sina.com.cn,(700) 4591099
Starr,Northley,snorthleylz,snorthleylz@techcrunch.com,(428) 4716745
Gwenore,Fetherstonhaugh,gfetherstonhaughm0,gfetherstonhaughm0@storify.com,(883) 9517530
Halie,Ginty,hgintym1,hgintym1@surveymonkey.com,(420) 5617210
Becka,Hull,bhullm2,bhullm2@delicious.com,(936) 7888237
Catina,Newlove,cnewlovem3,cnewlovem3@flavors.me,(754) 1624550
Peg,Dabbs,pdabbsm4,pdabbsm4@bravesites.com,(737) 5114158
Lothario,Kilbourne,lkilbournem5,lkilbournem5@bbc.co.uk,(347) 4844047
Kissiah,Caldecot,kcaldecotm6,kcaldecotm6@scientificamerican.com,(310) 5395779
Ed,Sinclair,esinclairm7,esinclairm7@devhub.com,(305) 9861944
Kit,Weaving,kweavingm8,kweavingm8@jimdo.com,(191) 9400545
Sloan,Turneaux,sturneauxm9,sturneauxm9@weibo.com,(249) 1531061
Jewell,Grunwall,jgrunwallma,jgrunwallma@slideshare.net,(562) 7715213
Janenna,Sterre,jsterremb,jsterremb@soup.io,(772) 7139264
Korry,Dimitriou,kdimitrioumc,kdimitrioumc@sourceforge.net,(571) 3985213
Barnebas,Bartley,bbartleymd,bbartleymd@amazon.co.uk,(387) 3813447
Hazel,Mullany,hmullanyme,hmullanyme@cam.ac.uk,(748) 4123738
Aldus,Stonham,astonhammf,astonhammf@tripadvisor.com,(483) 1429349
Park,Fforde,pffordemg,pffordemg@blinklist.com,(267) 2395974
Julissa,Adair,jadairmh,jadairmh@bizjournals.com,(968) 7368149
Florina,Serginson,fserginsonmi,fserginsonmi@w3.org,(483) 8791599
Bob,McNalley,bmcnalleymj,bmcnalleymj@storify.com,(803) 9242829
Deonne,Mariyushkin,dmariyushkinmk,dmariyushkinmk@dagondesign.com,(747) 8790482
Blondelle,McAughtry,bmcaughtryml,bmcaughtryml@umich.edu,(274) 3539240
Osborn,Huttley,ohuttleymm,ohuttleymm@pinterest.com,(109) 6777821
Illa,Wylie,iwyliemn,iwyliemn@oakley.com,(396) 5130910
Sascha,Garza,sgarzamo,sgarzamo@fotki.com,(759) 8705350
Alex,Sobczak,asobczakmp,asobczakmp@about.com,(551) 3326156
Rennie,Dyshart,rdyshartmq,rdyshartmq@bloomberg.com,(670) 7534538
Noll,Doumic,ndoumicmr,ndoumicmr@japanpost.jp,(991) 5375918
Robbyn,Zmitrovich,rzmitrovichms,rzmitrovichms@quantcast.com,(803) 4238253
Marley,Crush,mcrushmt,mcrushmt@nifty.com,(561) 8327223
Maudie,Toffoletto,mtoffolettomu,mtoffolettomu@va.gov,(290) 4716263
Warner,Ipplett,wipplettmv,wipplettmv@cdbaby.com,(257) 9474755
Sinclair,Entwistle,sentwistlemw,sentwistlemw@salon.com,(756) 3906514
Aaron,Gwilt,agwiltmx,agwiltmx@soundcloud.com,(191) 1589042
Sebastien,Curtayne,scurtaynemy,scurtaynemy@123-reg.co.uk,(828) 6176390
Nanci,Peyton,npeytonmz,npeytonmz@europa.eu,(419) 1605363
Crystie,Haydon,chaydonn0,chaydonn0@mtv.com,(881) 5269187
Rufus,Fairbank,rfairbankn1,rfairbankn1@blinklist.com,(469) 9964189
Pam,Carlon,pcarlonn2,pcarlonn2@wufoo.com,(166) 2702334
Ferdy,Giovannelli,fgiovannellin3,fgiovannellin3@huffingtonpost.com,(501) 3372551
Audra,Frayling,afraylingn4,afraylingn4@fda.gov,(345) 5371043
Lezley,Ashness,lashnessn5,lashnessn5@alexa.com,(746) 6276066
Devonna,Notton,dnottonn6,dnottonn6@slideshare.net,(537) 9682114
Hobard,Portugal,hportugaln7,hportugaln7@shop-pro.jp,(704) 5104961
Klement,Ayton,kaytonn8,kaytonn8@vinaora.com,(802) 5223843
Bertina,Harteley,bharteleyn9,bharteleyn9@etsy.com,(708) 6053122
Penny,Davern,pdavernna,pdavernna@homestead.com,(938) 3884106
Lorrayne,Mowett,lmowettnb,lmowettnb@forbes.com,(981) 2405672
Idelle,Berrigan,iberrigannc,iberrigannc@barnesandnoble.com,(850) 6977625
Devan,Shufflebotham,dshufflebothamnd,dshufflebothamnd@jimdo.com,(472) 4652127
Lora,Fownes,lfownesne,lfownesne@bloglines.com,(289) 2278191
Arnold,Uglow,auglownf,auglownf@bbb.org,(354) 7283456
Nicolle,Baford,nbafordng,nbafordng@etsy.com,(167) 4080174
Ibbie,Geekin,igeekinnh,igeekinnh@blinklist.com,(947) 4972314
Yetty,Juszczyk,yjuszczykni,yjuszczykni@europa.eu,(914) 4898279
Hildegaard,Moat,hmoatnj,hmoatnj@arstechnica.com,(975) 2518824
Adelaida,Habeshaw,ahabeshawnk,ahabeshawnk@symantec.com,(893) 8582165
Anet,Hardiman,ahardimannl,ahardimannl@123-reg.co.uk,(838) 2813503
Wood,Cayser,wcaysernm,wcaysernm@ftc.gov,(686) 6774666
Margret,Bau,mbaunn,mbaunn@multiply.com,(760) 1578270
Garrek,Parsons,gparsonsno,gparsonsno@theglobeandmail.com,(328) 1926585
Ame,Robb,arobbnp,arobbnp@dmoz.org,(931) 7835226
Rhoda,Nathon,rnathonnq,rnathonnq@godaddy.com,(546) 3182626
Phaidra,Curm,pcurmnr,pcurmnr@typepad.com,(828) 5469195
Trixi,Pinard,tpinardns,tpinardns@flickr.com,(749) 8150693
Klement,Delafont,kdelafontnt,kdelafontnt@sourceforge.net,(775) 1063894
Moria,Humerstone,mhumerstonenu,mhumerstonenu@scribd.com,(235) 4954705
Stephanus,Barbrook,sbarbrooknv,sbarbrooknv@naver.com,(288) 3762229
Merridie,Cluatt,mcluattnw,mcluattnw@biglobe.ne.jp,(220) 4683408
Sianna,Thorowgood,sthorowgoodnx,sthorowgoodnx@jiathis.com,(992) 2276370
Pier,Brumwell,pbrumwellny,pbrumwellny@prweb.com,(712) 6975010
Hewitt,Furley,hfurleynz,hfurleynz@photobucket.com,(230) 4215929
Elane,Dormer,edormero0,edormero0@slideshare.net,(888) 3645007
Garrard,Rubra,grubrao1,grubrao1@wired.com,(821) 1121828
Ruby,McIlwain,rmcilwaino2,rmcilwaino2@thetimes.co.uk,(655) 9032009
Aileen,Grishunin,agrishunino3,agrishunino3@army.mil,(753) 7025860
Gracia,Pruckner,gprucknero4,gprucknero4@jigsy.com,(731) 8735736
Luisa,Gunderson,lgundersono5,lgundersono5@github.io,(424) 7572935
Dar,Caseri,dcaserio6,dcaserio6@cnn.com,(439) 3567116
Tamarra,Reckless,trecklesso7,trecklesso7@ibm.com,(524) 4765122
Wilbur,Storrie,wstorrieo8,wstorrieo8@epa.gov,(680) 9022184
Dillon,Stawell,dstawello9,dstawello9@tripadvisor.com,(839) 5220393
Gordan,Glasard,gglasardoa,gglasardoa@irs.gov,(709) 5207140
Eberto,Jewar,ejewarob,ejewarob@wikimedia.org,(122) 7805052
Rebecka,Ferrandez,rferrandezoc,rferrandezoc@harvard.edu,(963) 9442780
Kevon,Cluff,kcluffod,kcluffod@spiegel.de,(299) 9978331
Maurizia,Yaknov,myaknovoe,myaknovoe@hibu.com,(439) 9250085
Kathye,Simnell,ksimnellof,ksimnellof@dedecms.com,(533) 4663973
Cecil,Klesl,ckleslog,ckleslog@wunderground.com,(559) 4090023
Jacquelyn,Renehan,jrenehanoh,jrenehanoh@cornell.edu,(899) 9384020
Katheryn,Favel,kfaveloi,kfaveloi@loc.gov,(139) 3652766
Nelia,Wishart,nwishartoj,nwishartoj@vistaprint.com,(348) 4367079
Derril,Brocklebank,dbrocklebankok,dbrocklebankok@cnn.com,(107) 9065848
Marve,Ethelstone,methelstoneol,methelstoneol@meetup.com,(504) 9143958
Willie,Cockshutt,wcockshuttom,wcockshuttom@google.nl,(609) 3697092
Guinna,Margerrison,gmargerrisonon,gmargerrisonon@com.com,(878) 1492340
Sharleen,Stoate,sstoateoo,sstoateoo@hhs.gov,(364) 9451117
Norri,Winkle,nwinkleop,nwinkleop@hostgator.com,(745) 8481836
Lydon,Klagge,lklaggeoq,lklaggeoq@phpbb.com,(966) 1395346
Whitby,Rickcord,wrickcordor,wrickcordor@tiny.cc,(716) 5392933
Bayard,Ades,badesos,badesos@theatlantic.com,(846) 4579214
Theressa,Garmston,tgarmstonot,tgarmstonot@patch.com,(426) 3650299
Lizbeth,MacNeilley,lmacneilleyou,lmacneilleyou@samsung.com,(585) 3757713
Douglas,Edwin,dedwinov,dedwinov@sfgate.com,(798) 6375401
Torie,Jirik,tjirikow,tjirikow@hexun.com,(429) 5247982
Loleta,Winny,lwinnyox,lwinnyox@google.com,(822) 8882764
Jolyn,Rumbold,jrumboldoy,jrumboldoy@ed.gov,(251) 4608388
Edeline,Grinyov,egrinyovoz,egrinyovoz@tiny.cc,(887) 8491423
Moore,Bargh,mbarghp0,mbarghp0@yandex.ru,(444) 4354075
Clemmy,Hellard,chellardp1,chellardp1@google.fr,(889) 1782138
Wilhelmine,Gallemore,wgallemorep2,wgallemorep2@ucoz.ru,(378) 3201779
Herbert,Balke,hbalkep3,hbalkep3@nature.com,(428) 7478866
Biron,Betser,bbetserp4,bbetserp4@reddit.com,(965) 5907550
Ethelbert,Betchley,ebetchleyp5,ebetchleyp5@oakley.com,(578) 3079828
Selena,Dwyer,sdwyerp6,sdwyerp6@nydailynews.com,(935) 9979045
Ebonee,Hanlon,ehanlonp7,ehanlonp7@rambler.ru,(814) 9258867
Pearl,Foskew,pfoskewp8,pfoskewp8@imgur.com,(423) 2251287
Philippine,Flindall,pflindallp9,pflindallp9@dailymail.co.uk,(206) 9005824
Roger,Jouannin,rjouanninpa,rjouanninpa@theatlantic.com,(165) 2803794
Gaye,Portress,gportresspb,gportresspb@soup.io,(710) 2931819
Joelynn,Woolward,jwoolwardpc,jwoolwardpc@mlb.com,(150) 7324670
Nichol,Harriagn,nharriagnpd,nharriagnpd@google.es,(657) 1802906
Jasmine,Jeafferson,jjeaffersonpe,jjeaffersonpe@examiner.com,(160) 7327287
Chlo,Baraja,cbarajapf,cbarajapf@apple.com,(677) 4239597
Lana,Antoniou,lantonioupg,lantonioupg@fastcompany.com,(412) 2574963
Broderic,Isacke,bisackeph,bisackeph@shareasale.com,(221) 6131290
Thaddus,Hardington,thardingtonpi,thardingtonpi@opensource.org,(637) 2133019
Ina,Rolfo,irolfopj,irolfopj@soundcloud.com,(140) 2176661
Danya,Nowill,dnowillpk,dnowillpk@goo.gl,(706) 8256373
Damiano,Bratten,dbrattenpl,dbrattenpl@shutterfly.com,(360) 1802907
Justino,Alelsandrovich,jalelsandrovichpm,jalelsandrovichpm@google.pl,(732) 5272355
Terence,Maccaig,tmaccaigpn,tmaccaigpn@telegraph.co.uk,(818) 2796048
Yalonda,Steinor,ysteinorpo,ysteinorpo@tumblr.com,(807) 2310759
Helen,Barnwill,hbarnwillpp,hbarnwillpp@rakuten.co.jp,(226) 2983745
Mirabella,Plessing,mplessingpq,mplessingpq@alibaba.com,(641) 9463881
Hercules,Furby,hfurbypr,hfurbypr@slideshare.net,(818) 5274978
Jonah,Milmoe,jmilmoeps,jmilmoeps@jigsy.com,(141) 3300348
Selie,Cellier,scellierpt,scellierpt@mozilla.com,(529) 8381079
Adrian,Burlingham,aburlinghampu,aburlinghampu@cnn.com,(789) 5001902
Sally,Kynaston,skynastonpv,skynastonpv@businessweek.com,(523) 3247279
Quintus,Venditti,qvendittipw,qvendittipw@go.com,(833) 9344945
Grete,Roston,grostonpx,grostonpx@harvard.edu,(681) 2269908
Basia,Ambage,bambagepy,bambagepy@weebly.com,(480) 1961254
Wilton,Went,wwentpz,wwentpz@mayoclinic.com,(317) 3356617
Thatch,Messenger,tmessengerq0,tmessengerq0@booking.com,(790) 6452545
Phylys,Catterell,pcatterellq1,pcatterellq1@aboutads.info,(456) 8689659
Frayda,Edlin,fedlinq2,fedlinq2@upenn.edu,(542) 9715758
Nealy,Baumann,nbaumannq3,nbaumannq3@google.com.au,(329) 8690355
Leda,Percy,lpercyq4,lpercyq4@youtu.be,(701) 9750790
Manon,Burdge,mburdgeq5,mburdgeq5@homestead.com,(587) 3771619
Sansone,Erskine,serskineq6,serskineq6@telegraph.co.uk,(912) 7065050
Sherlocke,Audus,saudusq7,saudusq7@livejournal.com,(987) 4928546
Rosalie,Spurr,rspurrq8,rspurrq8@seesaa.net,(495) 8890962
Salli,Antunez,santunezq9,santunezq9@msn.com,(249) 6343466
Orsa,Preedy,opreedyqa,opreedyqa@oracle.com,(833) 9110044
Alla,Charlon,acharlonqb,acharlonqb@liveinternet.ru,(741) 4693439
Tonye,Brimilcombe,tbrimilcombeqc,tbrimilcombeqc@who.int,(982) 8655056
Koo,Jime,kjimeqd,kjimeqd@dailymotion.com,(392) 6467200
Peyton,Duffitt,pduffittqe,pduffittqe@opensource.org,(991) 2849650
Zachariah,Beesley,zbeesleyqf,zbeesleyqf@ycombinator.com,(952) 2070066
Terri,Lavarack,tlavarackqg,tlavarackqg@google.com,(673) 7676493
Clifford,Tezure,ctezureqh,ctezureqh@google.ru,(964) 1439089
Ruggiero,Valentin,rvalentinqi,rvalentinqi@people.com.cn,(196) 6218760
Paco,Hollingshead,phollingsheadqj,phollingsheadqj@dell.com,(204) 7162051
Skip,Oneill,soneillqk,soneillqk@newsvine.com,(626) 9560877
Francisca,Kingsbury,fkingsburyql,fkingsburyql@samsung.com,(615) 8690805
Dasha,McCullen,dmccullenqm,dmccullenqm@netlog.com,(119) 9341193
Penelope,Dik,pdikqn,pdikqn@guardian.co.uk,(122) 4217996
Ardelis,Clowser,aclowserqo,aclowserqo@harvard.edu,(804) 9953246
Pooh,Gutch,pgutchqp,pgutchqp@psu.edu,(722) 8460076
Beatrix,Halfacre,bhalfacreqq,bhalfacreqq@seesaa.net,(463) 3919569
Lorna,McAvin,lmcavinqr,lmcavinqr@sakura.ne.jp,(726) 9943327
Harriet,Layus,hlayusqs,hlayusqs@npr.org,(498) 2787008
Kathye,Marjot,kmarjotqt,kmarjotqt@123-reg.co.uk,(982) 9498739
Torr,Schwandt,tschwandtqu,tschwandtqu@google.com.br,(739) 3768243
Clayborn,Woloschinski,cwoloschinskiqv,cwoloschinskiqv@dell.com,(360) 5852821
Geordie,King,gkingqw,gkingqw@ted.com,(452) 8936578
Banky,Di Claudio,bdiclaudioqx,bdiclaudioqx@redcross.org,(282) 5278714
Babita,Rosina,brosinaqy,brosinaqy@furl.net,(109) 8145427
Arvie,Scoullar,ascoullarqz,ascoullarqz@tinyurl.com,(615) 6649499
Lorain,MacMorland,lmacmorlandr0,lmacmorlandr0@istockphoto.com,(780) 4315618
Klara,Keynd,kkeyndr1,kkeyndr1@instagram.com,(437) 2861069
Cordi,Wasmuth,cwasmuthr2,cwasmuthr2@psu.edu,(477) 6323096
Carolan,Vasyunichev,cvasyunichevr3,cvasyunichevr3@4shared.com,(373) 4831118
Emili,Ofener,eofenerr4,eofenerr4@tuttocitta.it,(468) 3826627
Conroy,Cleland,cclelandr5,cclelandr5@shop-pro.jp,(718) 5374349
Alric,Jerke,ajerker6,ajerker6@4shared.com,(340) 3106650
Irwin,Holburn,iholburnr7,iholburnr7@myspace.com,(796) 1517792
Ferguson,O'Regan,foreganr8,foreganr8@ezinearticles.com,(171) 3980376
Corinne,Chantler,cchantlerr9,cchantlerr9@parallels.com,(607) 9802763
Gottfried,Crisp,gcrispra,gcrispra@blogspot.com,(631) 2704683
Odell,Pressey,opresseyrb,opresseyrb@liveinternet.ru,(966) 3367976
Lurette,Stolberger,lstolbergerrc,lstolbergerrc@go.com,(752) 8224160
Ashil,Salmons,asalmonsrd,asalmonsrd@adobe.com,(822) 9196205
Michaelina,Thundercliffe,mthundercliffere,mthundercliffere@miitbeian.gov.cn,(882) 3534267
Winny,Foard,wfoardrf,wfoardrf@canalblog.com,(983) 3768835
Tammy,Girton,tgirtonrg,tgirtonrg@abc.net.au,(800) 7422687
Jacki,Bawme,jbawmerh,jbawmerh@tinypic.com,(219) 4479431
Leta,Latus,llatusri,llatusri@cdc.gov,(388) 9851673
Gran,Mulliss,gmullissrj,gmullissrj@tumblr.com,(424) 5621216
Dunn,Blasli,dblaslirk,dblaslirk@howstuffworks.com,(108) 2342222
Abagael,Moff,amoffrl,amoffrl@merriam-webster.com,(659) 2982643
Ingunna,Schulkins,ischulkinsrm,ischulkinsrm@unblog.fr,(520) 1166259
Daniella,Pahl,dpahlrn,dpahlrn@alibaba.com,(417) 7691664
Noami,Vickery,nvickeryro,nvickeryro@blogger.com,(307) 6304398
Coriss,Hightown,chightownrp,chightownrp@narod.ru,(545) 5537253
Nessa,Benthall,nbenthallrq,nbenthallrq@economist.com,(475) 8411126
Dorella,Early,dearlyrr,dearlyrr@redcross.org,(457) 3148290
